Episode,AI_Won,Total_Reward,Epsilon
1,0,-1531.34,1
2,0,-2178.56,0.995
3,0,-1206.73,0.99
4,0,-2155.46,0.985
5,0,-1023.89,0.98
6,0,-2403.45,0.975
7,0,-1548.16,0.97
8,0,-1719.13,0.965
9,0,-1223.32,0.96
10,0,-1975.06,0.955
11,0,-1269.95,0.95
12,0,-1850.52,0.945
13,0,-1641.91,0.94
14,0,-1434.09,0.935
15,0,-2263.35,0.93
16,0,-1008.2,0.925
17,0,-599.512,0.92
18,0,-979.882,0.915
19,0,-3607.58,0.91
20,1,2960.34,0.905
21,1,-799.139,0.9
22,1,-739.48,0.895
23,1,3900.94,0.89
24,0,-2425.63,0.885
25,0,-1213.93,0.88
26,0,-802.519,0.875
27,0,-1374,0.87
28,0,-975.25,0.865
29,0,-1049.76,0.86
30,0,-1032.43,0.855
31,0,-958.987,0.85
32,0,-1361.95,0.845
33,0,-717.071,0.84
34,0,-1450.04,0.835
35,0,-685.222,0.83
36,0,-1856.99,0.825
37,0,-655.493,0.82
38,0,-2041.97,0.815
39,0,-545.944,0.81
40,0,-2062.22,0.805
41,0,1326.08,0.8
42,0,-1108.46,0.795
43,0,-673.196,0.79
44,0,-2625.61,0.785
45,0,-328.892,0.78
46,0,-778.224,0.775
47,0,-2683.96,0.77
48,0,-183.203,0.765
49,0,-1910.66,0.76
50,1,314.619,0.755
51,1,-584.392,0.75
52,1,-2352.94,0.745
53,1,-753.913,0.74
54,0,-6561.13,0.735
55,0,-1982.69,0.73
56,0,-743.88,0.725
57,0,-2237.36,0.72
58,1,963.563,0.715
59,0,-2765.7,0.71
60,0,-555.627,0.705
61,0,-1487.05,0.7
62,0,-468.505,0.695
63,0,-2292.5,0.69
64,1,809.833,0.685
65,0,-3277.05,0.68
66,0,-2674.05,0.675
67,0,-3326.7,0.67
68,0,-916.49,0.665
69,0,-3060.98,0.66
70,0,1088.74,0.655
71,0,-3650.21,0.65
72,0,-1084.21,0.645
73,0,-3738.32,0.64
74,0,-700.515,0.635
75,0,-2625.37,0.63
76,0,-2721.8,0.625
77,0,-3587.03,0.62
78,0,-2102.12,0.615
79,0,-2749.21,0.61
80,0,-1131.03,0.605
81,0,-2995.8,0.6
82,0,-694.04,0.595
83,0,-2514.62,0.59
84,0,-1049.7,0.585
85,0,-3634.22,0.58
86,0,942.368,0.575
87,0,-2158.44,0.57
88,1,2701.21,0.565
89,0,-2757.34,0.56
90,0,-2124.19,0.555
91,0,-585.558,0.55
92,0,-2129.44,0.545
93,0,-982.938,0.54
94,0,-3018.51,0.535
95,1,5671.1,0.53
96,0,-4158.68,0.525
97,0,-1351.37,0.52
98,0,-2431.23,0.515
99,0,-1111.93,0.51
100,0,-2281.92,0.505
101,0,-1665.2,0.5
102,0,-1166.69,0.495
103,0,-2247.91,0.49
104,0,-300.988,0.485
105,0,-3258.39,0.48
106,0,-535.886,0.475001
107,0,-3241.79,0.470001
108,0,-149.897,0.465001
109,0,-3228.52,0.460001
110,0,-369.252,0.455001
111,0,-3464.64,0.450001
112,0,-471.141,0.445001
113,0,-3111.03,0.440001
114,0,-608.756,0.435001
115,0,-2894.28,0.430001
116,0,179.137,0.425001
117,0,-1507.5,0.420001
118,0,-641.394,0.415001
119,0,-2019.75,0.410001
120,0,-1386.36,0.405001
121,0,-1519.59,0.400001
122,0,-1505.57,0.395001
123,0,-1060.22,0.390001
124,0,-1948.08,0.385001
125,0,-1142.05,0.380001
126,0,-2196.13,0.375001
127,0,-751.904,0.370001
128,0,-2663.2,0.365001
129,1,6557.37,0.360001
130,0,-4388.77,0.355001
131,1,6658.74,0.350001
132,0,-4553.37,0.345001
133,0,-935.023,0.340001
134,0,-2597.04,0.335001
135,0,-1096.14,0.330001
136,0,-2360.43,0.325001
137,0,-847.137,0.320001
138,0,-2988.35,0.315001
139,0,-919.134,0.310001
140,0,-2809.7,0.305001
141,0,-941.018,0.300001
142,0,-3411.76,0.295001
143,0,4288.69,0.290001
144,0,-2708.35,0.285001
145,1,6702.17,0.280001
146,0,-4561.11,0.275001
147,0,-2498.63,0.270001
148,0,-433.267,0.265001
149,0,-2558.73,0.260001
150,0,-148.464,0.255001
151,0,-2675.2,0.250001
152,0,-577.09,0.245001
153,0,-2925.98,0.240001
154,0,-257.032,0.235001
155,0,-2111.26,0.230001
156,0,-529.41,0.225001
157,0,-2284.36,0.220001
158,0,-98.4534,0.215001
159,0,-2129.83,0.210001
160,0,-268.084,0.205001
161,0,-3602.42,0.200001
162,0,-1394.41,0.195001
163,0,-3666.91,0.190001
164,0,-411.017,0.185001
165,0,-3373.86,0.180001
166,1,2096.58,0.175001
167,0,-4719.31,0.170001
168,0,-1313.79,0.165001
169,0,-3459.58,0.160001
170,0,-1384.7,0.155001
171,0,-3205.6,0.150001
172,1,571.528,0.145001
173,0,-5878.08,0.140001
174,0,-1146.96,0.135001
175,0,-3408.2,0.130001
176,0,-1225.58,0.125001
177,0,-3341.48,0.120001
178,0,-809.208,0.115001
179,0,-3100.73,0.110001
180,1,879.825,0.105001
181,0,-3310.03,0.100001
182,1,2681.03,0.0950008
183,1,1803.21,0.0900008
184,0,-3919.32,0.0850008
185,1,2540.29,0.0800008
186,0,-3994.96,0.0750008
187,0,82.3525,0.0700008
188,0,-1586.4,0.0650008
189,1,1970.81,0.0600008
190,0,-3193.52,0.0550008
191,0,36.27,0.0500008
192,1,5034.64,0.0450008
193,1,-343.83,0.0400008
194,0,-2652.92,0.0350008
195,1,1842.99,0.0300008
196,0,-1240.62,0.0250008
197,1,1618.39,0.0200008
198,0,-1378.3,0.0150008
199,0,-2340.15,0.0100008
200,0,1243.01,0.00500081
201,0,-2427.64,0.00500081
202,1,4305.95,0.00500081
203,0,-3419.79,0.00500081
204,1,3774.21,0.00500081
205,0,-1256.43,0.00500081
206,0,-1399.86,0.00500081
207,1,2120.81,0.00500081
208,0,-2443.58,0.00500081
209,0,110.11,0.00500081
210,0,-1641.69,0.00500081
211,0,632.007,0.00500081
212,0,-1664.05,0.00500081
213,1,2194.19,0.00500081
214,1,2911.98,0.00500081
215,0,-3260.58,0.00500081
216,0,-1063.67,0.00500081
217,0,-2186.96,0.00500081
218,0,444.801,0.00500081
219,1,2165.02,0.00500081
220,0,-2290.43,0.00500081
221,0,-716.643,0.00500081
222,0,1070.7,0.00500081
223,1,2176.58,0.00500081
224,1,2340.55,0.00500081
225,0,-3084.62,0.00500081
226,0,832.757,0.00500081
227,1,2621.98,0.00500081
228,0,-2625.99,0.00500081
229,1,2657.51,0.00500081
230,0,-2846.98,0.00500081
231,1,2445.52,0.00500081
232,0,-3014.43,0.00500081
233,1,2572.37,0.00500081
234,0,-3623.36,0.00500081
235,1,2376.06,0.00500081
236,0,-3719.36,0.00500081
237,1,2880.66,0.00500081
238,0,-2635.67,0.00500081
239,1,1897.15,0.00500081
240,0,-3001.23,0.00500081
241,1,1573.68,0.00500081
242,1,966.971,0.00500081
243,0,-1987.18,0.00500081
244,0,164.291,0.00500081
245,1,2055.3,0.00500081
246,1,1143.91,0.00500081
247,0,-3529.54,0.00500081
248,0,-3.30416,0.00500081
249,1,1209.16,0.00500081
250,1,4050.66,0.00500081
251,0,-3425.06,0.00500081
252,0,-38.8813,0.00500081
253,1,1420.83,0.00500081
254,1,2875.89,0.00500081
255,0,-2604.06,0.00500081
256,0,842.343,0.00500081
257,1,1368.76,0.00500081
258,0,-3749.67,0.00500081
259,1,2130.69,0.00500081
260,1,609.291,0.00500081
261,0,-3736.98,0.00500081
262,0,879.921,0.00500081
263,1,3086.25,0.00500081
264,0,-3399.13,0.00500081
265,1,4157.64,0.00500081
266,0,-3076.26,0.00500081
267,1,3734.18,0.00500081
268,0,-2280.82,0.00500081
269,0,-1285.82,0.00500081
270,1,1870.95,0.00500081
271,1,1594,0.00500081
272,1,-1048.5,0.00500081
273,1,1608.43,0.00500081
274,0,-2876.41,0.00500081
275,0,-902.495,0.00500081
276,0,-1091.6,0.00500081
277,0,-1966.4,0.00500081
278,1,1898.64,0.00500081
279,1,893.109,0.00500081
280,0,-3407.19,0.00500081
281,0,-581.576,0.00500081
282,1,3051.68,0.00500081
283,1,1223.34,0.00500081
284,0,-3252.43,0.00500081
285,0,558.218,0.00500081
286,1,1976.29,0.00500081
287,1,1233.21,0.00500081
288,0,-3254.69,0.00500081
289,0,563.769,0.00500081
290,1,3413.16,0.00500081
291,1,1401.62,0.00500081
292,0,-1588.54,0.00500081
293,0,-941.933,0.00500081
294,0,-1635.54,0.00500081
295,0,534.118,0.00500081
296,0,-584.788,0.00500081
297,1,2447.78,0.00500081
298,1,858.593,0.00500081
299,0,-3082.28,0.00500081
300,0,2694.15,0.00500081
301,0,-1976.24,0.00500081
302,1,4253.25,0.00500081
303,0,-3979.88,0.00500081
304,0,-307.295,0.00500081
305,1,1502.33,0.00500081
306,1,2470.08,0.00500081
307,0,-3065.99,0.00500081
308,0,-854.445,0.00500081
309,0,-2079.21,0.00500081
310,1,4761.55,0.00500081
311,0,-3301.25,0.00500081
312,0,139.873,0.00500081
313,0,-1246.05,0.00500081
314,0,-284.651,0.00500081
315,0,-1041.34,0.00500081
316,1,3780.26,0.00500081
317,0,-689.46,0.00500081
318,1,4623.23,0.00500081
319,0,-2625.75,0.00500081
320,0,576.128,0.00500081
321,0,-1393.07,0.00500081
322,1,4003.47,0.00500081
323,0,-3009.42,0.00500081
324,1,7116.03,0.00500081
325,1,273.988,0.00500081
326,1,2788.5,0.00500081
327,0,-1610.7,0.00500081
328,1,7341.74,0.00500081
329,0,-1214.5,0.00500081
330,0,5139.52,0.00500081
331,0,-2388.73,0.00500081
332,1,5936.84,0.00500081
333,0,-3523.33,0.00500081
334,0,2738.43,0.00500081
335,1,2659.91,0.00500081
336,1,1608.08,0.00500081
337,0,525.666,0.00500081
338,1,5324.27,0.00500081
339,0,-3739.8,0.00500081
340,1,5048.3,0.00500081
341,0,-3626.87,0.00500081
342,0,3696.47,0.00500081
343,1,2649.87,0.00500081
344,1,1039.08,0.00500081
345,1,358.598,0.00500081
346,1,-508.446,0.00500081
347,0,-2309.55,0.00500081
348,1,5658.11,0.00500081
349,0,-3390.85,0.00500081
350,1,5246.83,0.00500081
351,0,-3522.53,0.00500081
352,1,5461.98,0.00500081
353,0,-3754.32,0.00500081
354,1,4904.16,0.00500081
355,0,-3557.64,0.00500081
356,1,5303.68,0.00500081
357,0,-3767.93,0.00500081
358,1,4692.59,0.00500081
359,0,-3615.68,0.00500081
360,1,4905.11,0.00500081
361,1,-126.783,0.00500081
362,1,1501.82,0.00500081
363,0,-3619.91,0.00500081
364,1,5040.65,0.00500081
365,0,-3203.49,0.00500081
366,1,5511.08,0.00500081
367,0,-3274.94,0.00500081
368,1,7411.45,0.00500081
369,0,-3349.8,0.00500081
370,1,6152.03,0.00500081
371,0,-3526.34,0.00500081
372,0,4234.66,0.00500081
373,0,-2432.09,0.00500081
374,1,6155.5,0.00500081
375,0,-3525.98,0.00500081
376,1,6611.55,0.00500081
377,0,-1236.68,0.00500081
378,1,6747.59,0.00500081
379,0,-1419.07,0.00500081
380,1,5337.34,0.00500081
381,0,-2591.28,0.00500081
382,0,4436.15,0.00500081
383,0,-2401.35,0.00500081
384,1,5796.02,0.00500081
385,0,-1254.84,0.00500081
386,0,-1987.31,0.00500081
387,1,3170.6,0.00500081
388,1,2699.76,0.00500081
389,0,-492.266,0.00500081
390,1,4778.94,0.00500081
391,1,799.44,0.00500081
392,0,-1008.19,0.00500081
393,1,2755.25,0.00500081
394,1,2230.06,0.00500081
395,1,315.97,0.00500081
396,1,1.42017,0.00500081
397,0,-4120.06,0.00500081
398,1,5153.52,0.00500081
399,1,-509.507,0.00500081
400,1,1452.38,0.00500081
401,1,-863.821,0.00500081
402,1,2078.8,0.00500081
403,1,-986.877,0.00500081
404,0,854.61,0.00500081
405,1,1422.74,0.00500081
406,0,-1342.64,0.00500081
407,0,-1540.53,0.00500081
408,1,5380.55,0.00500081
409,1,1448.99,0.00500081
410,1,3296.44,0.00500081
411,1,1307.67,0.00500081
412,1,2801.59,0.00500081
413,0,-3723.71,0.00500081
414,0,5437.81,0.00500081
415,0,-2415.14,0.00500081
416,0,2110.65,0.00500081
417,1,716.555,0.00500081
418,0,461.104,0.00500081
419,0,-2055.41,0.00500081
420,1,4634.48,0.00500081
421,0,-3558.17,0.00500081
422,1,6033.87,0.00500081
423,0,-3347.19,0.00500081
424,0,5036.87,0.00500081
425,0,-2184.05,0.00500081
426,1,6493.14,0.00500081
427,1,-661.965,0.00500081
428,0,-2.16132,0.00500081
429,1,1044.43,0.00500081
430,0,2689.23,0.00500081
431,0,-2343.07,0.00500081
432,1,6110.26,0.00500081
433,1,-838.967,0.00500081
434,1,3811.77,0.00500081
435,1,662.929,0.00500081
436,0,237.316,0.00500081
437,1,2050.63,0.00500081
438,1,2812.06,0.00500081
439,1,295.957,0.00500081
440,0,572.968,0.00500081
441,1,2077.59,0.00500081
442,1,3395.78,0.00500081
443,1,1628.53,0.00500081
444,1,5356.52,0.00500081
445,1,77.9012,0.00500081
446,0,2302.07,0.00500081
447,1,2891.84,0.00500081
448,0,-543.65,0.00500081
449,1,3157.5,0.00500081
450,1,2341.36,0.00500081
451,1,1850.88,0.00500081
452,0,-826.97,0.00500081
453,1,3875.3,0.00500081
454,0,868.853,0.00500081
455,1,3786.11,0.00500081
456,0,-812.796,0.00500081
457,1,2710.75,0.00500081
458,0,-726.152,0.00500081
459,1,1790.73,0.00500081
460,1,4651.6,0.00500081
461,1,527.835,0.00500081
462,0,-1101.31,0.00500081
463,1,2894.17,0.00500081
464,0,-1215.26,0.00500081
465,1,1584.27,0.00500081
466,1,-91.9985,0.00500081
467,1,-85.0586,0.00500081
468,0,-3402.33,0.00500081
469,0,-1584.16,0.00500081
470,0,11.8638,0.00500081
471,0,-1759.88,0.00500081
472,0,1134.69,0.00500081
473,1,1952.09,0.00500081
474,1,3768.19,0.00500081
475,1,2167.41,0.00500081
476,1,3748.71,0.00500081
477,1,1638.66,0.00500081
478,0,-1186.54,0.00500081
479,0,-2140.77,0.00500081
480,0,1728.01,0.00500081
481,0,-2297.09,0.00500081
482,0,2565.58,0.00500081
483,0,-2411.16,0.00500081
484,0,2426.67,0.00500081
485,0,-2100.54,0.00500081
486,0,2895.92,0.00500081
487,0,-2433.79,0.00500081
488,1,6563.91,0.00500081
489,1,1662.54,0.00500081
490,1,4337.62,0.00500081
491,0,-3554.47,0.00500081
492,0,2869.06,0.00500081
493,0,-2481.75,0.00500081
494,0,2740.88,0.00500081
495,0,-2116.13,0.00500081
496,0,3426.82,0.00500081
497,0,-2308.92,0.00500081
498,0,2744.3,0.00500081
499,0,-1777.98,0.00500081
500,0,3347.43,0.00500081
501,0,-2199.9,0.00500081
502,0,2934.35,0.00500081
503,0,-2356.89,0.00500081
504,0,3300.79,0.00500081
505,0,-2076.14,0.00500081
506,0,3030.81,0.00500081
507,0,-2018.5,0.00500081
508,0,2962.08,0.00500081
509,0,-2259.93,0.00500081
510,0,2526.97,0.00500081
511,0,-1911.15,0.00500081
512,0,2597.92,0.00500081
513,0,-2362.11,0.00500081
514,0,-413.78,0.00500081
515,1,2401.25,0.00500081
516,0,-1279.16,0.00500081
517,1,2870.88,0.00500081
518,0,-2489.8,0.00500081
519,1,2673.27,0.00500081
520,0,-2468.14,0.00500081
521,1,2820.89,0.00500081
522,1,923.899,0.00500081
523,1,1218.86,0.00500081
524,0,-2450.16,0.00500081
525,1,2950.28,0.00500081
526,0,-159.118,0.00500081
527,1,2645.05,0.00500081
528,0,-76.1272,0.00500081
529,0,-1213.77,0.00500081
530,0,-1909.14,0.00500081
531,1,3149.02,0.00500081
532,0,-510.556,0.00500081
533,0,-1261.94,0.00500081
534,0,-1826.56,0.00500081
535,1,3044.31,0.00500081
536,1,1806.86,0.00500081
537,1,-634.901,0.00500081
538,0,-1019.17,0.00500081
539,0,-1179.46,0.00500081
540,0,-2023.98,0.00500081
541,1,3219.92,0.00500081
542,1,1907.66,0.00500081
543,1,-1279.93,0.00500081
544,0,43.4107,0.00500081
545,0,-2452.38,0.00500081
546,0,1951.77,0.00500081
547,0,-2547.19,0.00500081
548,0,1969.54,0.00500081
549,0,-1315.2,0.00500081
550,0,-1956.92,0.00500081
551,1,2403.15,0.00500081
552,1,2232.87,0.00500081
553,1,1443.07,0.00500081
554,0,-878.903,0.00500081
555,0,-1568.82,0.00500081
556,0,1628.18,0.00500081
557,0,-1459.79,0.00500081
558,0,-2257.66,0.00500081
559,1,2881.29,0.00500081
560,1,3193.39,0.00500081
561,1,1300.92,0.00500081
562,0,155.193,0.00500081
563,1,2768.88,0.00500081
564,0,712.772,0.00500081
565,1,2281.51,0.00500081
566,0,812.97,0.00500081
567,1,2265.64,0.00500081
568,0,257.565,0.00500081
569,1,2099.66,0.00500081
570,0,184.051,0.00500081
571,1,2727.24,0.00500081
572,0,427.491,0.00500081
573,1,2078.27,0.00500081
574,0,-1959.84,0.00500081
575,1,2481.41,0.00500081
576,0,-2822.1,0.00500081
577,1,2741.93,0.00500081
578,0,350.578,0.00500081
579,1,2534.05,0.00500081
580,1,717.362,0.00500081
581,1,-165.33,0.00500081
582,0,-603.887,0.00500081
583,1,2182.97,0.00500081
584,0,-3093.8,0.00500081
585,1,2008.21,0.00500081
586,0,-3790.01,0.00500081
587,1,1277.22,0.00500081
588,0,1045.35,0.00500081
589,1,2066.1,0.00500081
590,0,-3158.9,0.00500081
591,1,1129.87,0.00500081
592,0,267.517,0.00500081
593,1,1414.53,0.00500081
594,0,679.003,0.00500081
595,1,1718.16,0.00500081
596,0,838.266,0.00500081
597,1,1513.18,0.00500081
598,0,1175.42,0.00500081
599,1,1954.63,0.00500081
600,0,1240.89,0.00500081
601,1,1762.85,0.00500081
602,1,3046.89,0.00500081
603,1,2052.03,0.00500081
604,0,1814.02,0.00500081
605,1,2666.27,0.00500081
606,0,1607.37,0.00500081
607,1,2805.69,0.00500081
608,0,2157.48,0.00500081
609,1,2563.44,0.00500081
610,0,1754.63,0.00500081
611,1,3306.73,0.00500081
612,0,-827.586,0.00500081
613,0,-1482.81,0.00500081
614,0,-2078.75,0.00500081
615,1,2655.63,0.00500081
616,1,3914.69,0.00500081
617,1,2499.46,0.00500081
618,1,4245.96,0.00500081
619,1,2000.45,0.00500081
620,0,851.092,0.00500081
621,1,2931.14,0.00500081
622,1,4537.63,0.00500081
623,1,1983.48,0.00500081
624,0,1193.48,0.00500081
625,1,2750.57,0.00500081
626,0,1476.07,0.00500081
627,1,3000.63,0.00500081
628,0,1840.06,0.00500081
629,1,2807.59,0.00500081
630,0,1633.45,0.00500081
631,1,3391.51,0.00500081
632,0,1782.03,0.00500081
633,1,2900.35,0.00500081
634,0,1754.86,0.00500081
635,1,3399.26,0.00500081
636,0,1157.57,0.00500081
637,1,3059.44,0.00500081
638,0,1207.56,0.00500081
639,1,3425.09,0.00500081
640,0,-940.605,0.00500081
641,0,-1624.47,0.00500081
642,1,5138.03,0.00500081
643,1,2033.32,0.00500081
644,0,1496.63,0.00500081
645,1,3250.04,0.00500081
646,0,-801.518,0.00500081
647,0,-1478.81,0.00500081
648,0,4067.66,0.00500081
649,1,3025.06,0.00500081
650,1,4328.8,0.00500081
651,1,2472.19,0.00500081
652,0,1762.29,0.00500081
653,1,3266.85,0.00500081
654,1,4475.7,0.00500081
655,1,2539.64,0.00500081
656,1,4587.44,0.00500081
657,1,743.818,0.00500081
658,1,4759.34,0.00500081
659,0,-2842.62,0.00500081
660,1,5280.01,0.00500081
661,1,2626.64,0.00500081
662,0,2097.69,0.00500081
663,1,3416.62,0.00500081
664,1,3893.24,0.00500081
665,0,-5164.18,0.00500081
Episode,AI_Won,Total_Reward,Epsilon
1,0,-1569.99,1
2,0,-1655.01,0.995
3,0,-1842.54,0.99
4,0,-1389.98,0.985
5,0,-1806.59,0.98
6,0,-846.552,0.975
7,0,-2775.91,0.97
8,0,-1106.2,0.965
9,0,-2644.1,0.96
10,0,-946.993,0.955
11,0,-2349.03,0.95
12,1,5598.97,0.945
13,0,-4055.8,0.94
14,0,-2236.59,0.935
15,0,-1110.14,0.93
16,0,-2501.18,0.925
17,0,-775.808,0.92
18,0,-2771.29,0.915
19,0,-924.511,0.91
20,0,-2507.14,0.905
21,0,-1029.39,0.9
22,0,-2504.12,0.895
23,0,-776.874,0.89
24,0,-2775.31,0.885
